floor_id,floor,division_id,division,area_id,area
1,01st Floor,192,BNR,464,REGISTER GENERAL OF BNR
1,01st Floor,192,BNR,463,MEETING ROOM
1,01st Floor,192,BNR,466,OFFICE AREA
1,01st Floor,4,Land Commissioner Department,4,OFFICE AREA
1,01st Floor,10,SWITCH ROOM,14,SWITCH ROOM
1,01st Floor,193,Server Room,468,Server Room
2,02nd Floor,13,EDUCATION MINISTRY,20,MINISTER ROOM
2,02nd Floor,13,EDUCATION MINISTRY,21,OFFICE AREA
2,02nd Floor,14,SECRETAY TO THE MINISTER AREA,26,MEETING ROOM
2,02nd Floor,14,SECRETAY TO THE MINISTER AREA,25,SECRETAY TO THE MINISTER ROOM
2,02nd Floor,15,ITRDA OFFICE,29,OFFICE AREA 01
2,02nd Floor,15,ITRDA OFFICE,30,OFFICE AREA 02
2,02nd Floor,16,PRIVATE SECRETARY AREA,33,OFFICE AREA
2,02nd Floor,17,PROVINCIAL DIRECTOR OF SPORTS AREA,34,OFFICE AREA
2,02nd Floor,18,OFFICE AREA,36,MEETING ROOM
2,02nd Floor,18,OFFICE AREA,35,OFFICE AREA
2,02nd Floor,23,SWITCH ROOM,50,SWITCH ROOM
3,03rd Floor,26,COMMISIONER OF LOCAL GOVERNMENT DIVISION,58,ACCOUNTS SECTION
3,03rd Floor,26,COMMISIONER OF LOCAL GOVERNMENT DIVISION,56,COMMISIONER OF LOCAL GOVERNMENT
3,03rd Floor,26,COMMISIONER OF LOCAL GOVERNMENT DIVISION,57,CONFERENCE HALL
3,03rd Floor,26,COMMISIONER OF LOCAL GOVERNMENT DIVISION,60,OFFICE AREA 01
3,03rd Floor,26,COMMISIONER OF LOCAL GOVERNMENT DIVISION,61,OFFICE AREA 02
3,03rd Floor,26,COMMISIONER OF LOCAL GOVERNMENT DIVISION,59,RECORD ROOM
3,03rd Floor,27,PROVISIONAL INDUSTRIES DIVISION,64,DIRECTOR OF PROVISIONAL INDUSTRIES
3,03rd Floor,27,PROVISIONAL INDUSTRIES DIVISION,65,MEETING ROOM
3,03rd Floor,27,PROVISIONAL INDUSTRIES DIVISION,67,OFFICE AREA
3,03rd Floor,27,PROVISIONAL INDUSTRIES DIVISION,66,RECORD ROOM
3,03rd Floor,28,COMMISIONER DIVISION,70,COMMISIONER
3,03rd Floor,28,COMMISIONER DIVISION,71,OFFICE AREA
3,03rd Floor,187,DEPARTMENT OF SOCIAL SERVICE AREA,441,DEPARTMENT OF SOCIAL SERVICE
3,03rd Floor,187,DEPARTMENT OF SOCIAL SERVICE AREA,444,OFFICE AREA
3,03rd Floor,187,DEPARTMENT OF SOCIAL SERVICE AREA,443,SOCIAL SERVICE OFFICERS ROOM
3,03rd Floor,187,DEPARTMENT OF SOCIAL SERVICE AREA,442,STORE ROOM
3,03rd Floor,33,SWITCH ROOM,82,SWITCH ROOM
3,03rd Floor,35,SERVICES RISERS,86,WIFI & PROJECTOR
4,04th Floor,36,CHIEF SECRETARY -DIVISION,88,CHIEF SECRETARY OFFICE
4,04th Floor,36,CHIEF SECRETARY -DIVISION,89,CONFERENCE ROOM
4,04th Floor,36,CHIEF SECRETARY -DIVISION,90,OFFICE AREA
4,04th Floor,37,DEPUTY CHIEF SECRETARY ADMIN DIVISION,95,MEETING ROOM
4,04th Floor,37,DEPUTY CHIEF SECRETARY ADMIN DIVISION,94,OFFICE AREA
4,04th Floor,38,INTERNAL AUDIT DIVISION,99,CHIEF INTERNAL AUDIT OFFICE
4,04th Floor,38,INTERNAL AUDIT DIVISION,100,CONFERENCE ROOM
4,04th Floor,38,INTERNAL AUDIT DIVISION,101,OFFICE AREA
4,04th Floor,43,SWITCH ROOM,118,SWITCH ROOM
4,04th Floor,41,MISCELLANEOUS,114,WIFI & PROJECTOR
5,05th Floor,46,DEPUTY CHIEF SECRETARY (PLANNING) DIVISION,121,DEPUTY CHIEF SECRETARY PLANNING
5,05th Floor,46,DEPUTY CHIEF SECRETARY (PLANNING) DIVISION,122,MEETING ROOM
5,05th Floor,46,DEPUTY CHIEF SECRETARY (PLANNING) DIVISION,123,OFFICE AREA
5,05th Floor,47,DEPUTY CHIEF SECRETARY (ENGINEERING) DIVISION,127,DEPUTY CHIEF SECRETARY ENGINEERING
5,05th Floor,47,DEPUTY CHIEF SECRETARY (ENGINEERING) DIVISION,128,MEETING ROOM
5,05th Floor,47,DEPUTY CHIEF SECRETARY (ENGINEERING) DIVISION,129,OFFICE AREA
5,05th Floor,52,SWITCH ROOM,144,SWITCH ROOM
5,05th Floor,54,SERVICES RISERS,148,WIFI & PROJECTOR
6,06th Floor,55,DEPUTY CHIEF SECRETARY (FINANCE) DIVISION,150,DEPUTY CHIEF SECRETARY FINANCE
6,06th Floor,55,DEPUTY CHIEF SECRETARY (FINANCE) DIVISION,158,OFFICE AREA
6,06th Floor,55,DEPUTY CHIEF SECRETARY (FINANCE) DIVISION,151,PUBLIC MEETING ROOM
6,06th Floor,55,DEPUTY CHIEF SECRETARY (FINANCE) DIVISION,153,STORE ROOM & RECORD ROOM
6,06th Floor,55,DEPUTY CHIEF SECRETARY (FINANCE) DIVISION,152,TENDER RECEIVING UNIT
6,06th Floor,56,DEPUTY CHIEF SECRETARY (PERSONAL & TRAINING) DIVISION,159,DEPUTY CHIEF SECRETARY PERSONAL AND TRAINING
6,06th Floor,56,DEPUTY CHIEF SECRETARY (PERSONAL & TRAINING) DIVISION,160,MEETING ROOM
6,06th Floor,56,DEPUTY CHIEF SECRETARY (PERSONAL & TRAINING) DIVISION,162,OFFICE AREA
6,06th Floor,56,DEPUTY CHIEF SECRETARY (PERSONAL & TRAINING) DIVISION,254,OFFICE AREA
6,06th Floor,57,GENERAL AUDIT DIVISION,164,ASSISTANT AUDITOR GENERAL
6,06th Floor,57,GENERAL AUDIT DIVISION,165,OFFICE AREA
6,06th Floor,62,SWITCH ROOM,176,SWITCH ROOM
6,06th Floor,64,SERVICES RISERS,180,WIFI & PROJECTOR
7,07th Floor,65,MINISTRY OF AGRICULTURE,182,MINISTER MEETING ROOM
7,07th Floor,65,MINISTRY OF AGRICULTURE,183,MINISTER ROOM
7,07th Floor,65,MINISTRY OF AGRICULTURE,474,OFFICE AREA
7,07th Floor,65,MINISTRY OF AGRICULTURE,185,PERSONAL ASSISTANT
7,07th Floor,66,MINISTER'S PERSONAL STAFF AREA,191,OFFICE AREA
7,07th Floor,66,MINISTER'S PERSONAL STAFF AREA,190,PUBLIC MEETING ROOM
7,07th Floor,67,SECRETSRY TO THE MINISTER AREA,192,MEETING AREA
7,07th Floor,67,SECRETSRY TO THE MINISTER AREA,195,OFFICE AREA
7,07th Floor,67,SECRETSRY TO THE MINISTER AREA,193,SECRETSRY TO THE MINISTER
7,07th Floor,67,SECRETSRY TO THE MINISTER AREA,194,STORE & RECORD ROOM FOR ACCOUNTS SECTION
7,07th Floor,188,DEPARTMENT OF AGRICULTURE AREA,450,MEETING ROOM
7,07th Floor,188,DEPARTMENT OF AGRICULTURE AREA,451,OFFICE AREA
7,07th Floor,188,DEPARTMENT OF AGRICULTURE AREA,445,PROVINCIAL DIRECTOR OF AGRICULTURE
7,07th Floor,68,OFFICE AREA,198,OFFICE AREA
7,07th Floor,73,SWITCH ROOM,211,SWITCH ROOM
7,07th Floor,75,SERVICES RISERS,215,WIFI & PROJECTOR
8,08th Floor,144,HEALTH MINISTRY,347,MINISTERS MEETING ROOM
8,08th Floor,144,HEALTH MINISTRY,348,OFFICE AREA
8,08th Floor,144,HEALTH MINISTRY,350,PERSONAL ASSISTANT
8,08th Floor,144,HEALTH MINISTRY,349,VIP VISITORS LOUNGE
8,08th Floor,145,MINISTERS PERSONAL STAFF AREA,356,OFFICE AREA
8,08th Floor,145,MINISTERS PERSONAL STAFF AREA,355,PUBLIC MEETING AREA
8,08th Floor,146,SPECIAL TASK UNIT,357,MEETING AREA
8,08th Floor,146,SPECIAL TASK UNIT,360,OFFICE AREA
8,08th Floor,146,SPECIAL TASK UNIT,359,RECORD ROOM FOR ACCOUNTS SECTION
8,08th Floor,146,SPECIAL TASK UNIT,358,SECRETARY TO THE MINISTER
8,08th Floor,189,DEPARTMENT OF PROBATION AREA,455,COMMISSIONER DEPARTMENT OF PROBATION
8,08th Floor,189,DEPARTMENT OF PROBATION AREA,452,MEETING ROOM
8,08th Floor,189,DEPARTMENT OF PROBATION AREA,458,OFFICE AREA
8,08th Floor,147,TOURIST BOARD,363,OFFICE AREA
8,08th Floor,152,SWITCH ROOM,377,SWITCH ROOM
8,08th Floor,154,SERVICES RISERS,382,WIFI AND PROJECTOR
8,08th Floor,195,OFFICE AREA,470,"OFFICE AREA,"
8,08th Floor,198,OFFICE AREA,472,Office Area
9,09th Floor,155,ROAD MINISTRY,385,MINISTERS ROOM
9,09th Floor,155,ROAD MINISTRY,384,OFFICE AREA
9,09th Floor,155,ROAD MINISTRY,387,PERSONAL ASSISTANT
9,09th Floor,155,ROAD MINISTRY,386,VIP VISITORS LOUNGE
9,09th Floor,156,DEPARTMENT OF RURAL DEVELOPMENT,393,OFFICE AREA
9,09th Floor,156,DEPARTMENT OF RURAL DEVELOPMENT,392,PUBLIC MEETING AREA
9,09th Floor,157,ACLGC OFFICE,395,MEETING AREA
9,09th Floor,157,ACLGC OFFICE,398,OFFICE AREA
9,09th Floor,157,ACLGC OFFICE,396,SECRETARY TO THE MINISTER
9,09th Floor,157,ACLGC OFFICE,397,STORE AND RECORD ROOM
9,09th Floor,158,OFFICE AREA,401,OFFICE AREA
9,09th Floor,163,SWITCH ROOM,412,SWITCH ROOM
9,09th Floor,165,SERVICES RISERS,416,WIFI AND PROJECTOR
9,09th Floor,196,L,477,OFFICE AREA
10,10th Floor,76,GOOVERNORS AREA,218,CONFERENCE ROOM
10,10th Floor,76,GOOVERNORS AREA,217,OFFICE AREA
10,10th Floor,76,GOOVERNORS AREA,219,PERSONAL ASSISTANT
10,10th Floor,194,GOVERNORS OFFICE,469,Governors Office Area
10,10th Floor,190,MINISTRY OF LOCAL GOVERNMENT,461,OFFICE AREA
10,10th Floor,77,Other,227,DRIVERS & MINISTERS ADVISER ROOM
10,10th Floor,77,Other,226,MEDIA SECRETARY
10,10th Floor,77,Other,228,OFFICE AREA
10,10th Floor,77,Other,225,PRIVATE SECRETARY
10,10th Floor,77,Other,224,PUBLIC MEETING AREA
10,10th Floor,78,SECRETSRY TO THE MINISTER AREA,229,MEETING AREA
10,10th Floor,78,SECRETSRY TO THE MINISTER AREA,232,OFFICE AREA
10,10th Floor,78,SECRETSRY TO THE MINISTER AREA,230,SECRETARY TO THE MINISTER
10,10th Floor,78,SECRETSRY TO THE MINISTER AREA,231,STORE & RECORD ROOM FOR ACCOUNTS SECTION
10,10th Floor,83, SWITCH ROOM,245,SWITCH ROOM
10,10th Floor,85,SERVICES RISERS,249,WIFI & PROJECTOR
11,11th Floor,191,SECRETARIAT OF COUNCIL,462,OFFICE AREA
11,11th Floor,86,ACCOUNTS & ADMIN SECTION,253,OFFICE AREA
11,11th Floor,86,ACCOUNTS & ADMIN SECTION,251,SECRETARY ROOM
11,11th Floor,87,GOVERNORS SECRATORY,259,CHIEF GOVERNMENT
11,11th Floor,87,GOVERNORS SECRATORY,255,CHIEF OPPOSITION
11,11th Floor,87,GOVERNORS SECRATORY,257,LEADER OF THE HOUSE
11,11th Floor,87,GOVERNORS SECRATORY,256,OFFICE AREA
11,11th Floor,88,COMMITTEE ROOM,262,COMMITTEE ROOM A
11,11th Floor,88,COMMITTEE ROOM,263,COMMITTEE ROOM B
11,11th Floor,88,COMMITTEE ROOM,265,COMMITTEE ROOM C
11,11th Floor,94,SWITCH ROOM,280,SWITCH ROOM
11,11th Floor,96,SERVICES RISERS,284,WIFI & PROJECTOR
12,12th Floor,97,COUNCIL CHAMBER,286,COUNCIL CHAMBER
12,12th Floor,99,OPPOSITION LEADER AREA,291,OPPOSITION LEADER
12,12th Floor,99,OPPOSITION LEADER AREA,292,PRIVATE SECRETARY
12,12th Floor,98,CHAIRMAN AREA,287,CHAIRMAN ROOM
12,12th Floor,98,CHAIRMAN AREA,288,CHAIRMAN VISITOR ROOM
12,12th Floor,98,CHAIRMAN AREA,485,OFFICE AREA
12,12th Floor,103,MEMBER'S RESTING AREA,297,MEMBERS RESTING AREA
12,12th Floor,100, HANZARD OFFICE,294,HANZARD OFFICE
12,12th Floor,101, TRANSLATORS ROOM,295,TRANSLATORS ROOM
12,12th Floor,110,CONTROL ROOM,306,CONTROL ROOM
12,12th Floor,111,PANEL ROOM,307,PANEL ROOM
14,14th Floor,118,COUNCIL CHAMBER,316,COUNCIL CHAMBER
17,Ground Floor,177,UPS AND BATTERY ROOM,429,UPS AND BATTERY ROOM
17,Ground Floor,185,GENERATOR PUMP ROOM,439,GENERATOR PUMP ROOM
16,Parking Floor,138,GENERATOR ROOM,341,GENERATOR ROOM
16,Parking Floor,141,UPS ROOM & PASSAGE,344,UPS ROOM & PASSAGE
